{
  "hash": "909d4218",
  "configHash": "750ba055",
  "lockfileHash": "c367328a",
  "browserHash": "9b165005",
  "optimized": {
    "@angular/common": {
      "src": "../../../../../../node_modules/@angular/common/fesm2022/common.mjs",
      "file": "@angular_common.js",
      "fileHash": "f4982a2b",
      "needsInterop": false
    },
    "@angular/common/http": {
      "src": "../../../../../../node_modules/@angular/common/fesm2022/http.mjs",
      "file": "@angular_common_http.js",
      "fileHash": "838fdf26",
      "needsInterop": false
    },
    "@angular/core": {
      "src": "../../../../../../node_modules/@angular/core/fesm2022/core.mjs",
      "file": "@angular_core.js",
      "fileHash": "c87fc960",
      "needsInterop": false
    },
    "@angular/forms": {
      "src": "../../../../../../node_modules/@angular/forms/fesm2022/forms.mjs",
      "file": "@angular_forms.js",
      "fileHash": "4431ef58",
      "needsInterop": false
    },
    "@angular/platform-browser": {
      "src": "../../../../../../node_modules/@angular/platform-browser/fesm2022/platform-browser.mjs",
      "file": "@angular_platform-browser.js",
      "fileHash": "8bfb6846",
      "needsInterop": false
    },
    "@angular/router": {
      "src": "../../../../../../node_modules/@angular/router/fesm2022/router.mjs",
      "file": "@angular_router.js",
      "fileHash": "43e724f6",
      "needsInterop": false
    }
  },
  "chunks": {
    "chunk-GJ2LE3B3": {
      "file": "chunk-GJ2LE3B3.js"
    },
    "chunk-RR3Y4RYM": {
      "file": "chunk-RR3Y4RYM.js"
    },
    "chunk-GOBFATMH": {
      "file": "chunk-GOBFATMH.js"
    },
    "chunk-TFLZSHJW": {
      "file": "chunk-TFLZSHJW.js"
    }
  }
}